Title,GivenName,MiddleInitial,Surname,StreetAddress,City,State,ZipCode,Country,CountryFull,EmailAddress,Username,Password,TelephoneNumber
Mrs.,怡伶,家,嚴,Jaama 78,Vanassaare,Jõgevamaa,49320,EE,Estonia,YanYiLing@teleworm.us,Vany1982,ahNg8pae,772 9802
Ms.,Estelinda,H,Marcos,Veere 54,Koluvere,Läänemaa,90712,EE,Estonia,EstelindaMarcosAguirre@dayrep.com,Tudith1948,takee3VeiX,478 6205
Mr.,Jett,H,Garrard,Via Vicenza 136,Centergross,BO,40050,IT,Italy,JettGarrard@gustr.com,Georded,kiushi9gieGh,0399 0699144
Mr.,瑋文,佩,陳,Alsterkrugchaussee 56,Wilhermsdorf,BY,91449,DE,Germany,ZhenWei@fleckens.hu,Meens1966,Ziep9rei,09102 76 08 01
Ms.,สุยุ่น,ฐ,กองแก้ว,Rue de la Briqueterie 78,Gleixhe,WLG,4400,BE,Belgium,,Honound1959,vaVoocaep8th,0489 54 48 49
Mr.,مهرداد,م,طاهرنژاد,P.O. Box 44,Aasiaat,Qaasuitsup,3950,GL,Greenland,MherdadTahernejead@superrito.com,Frearpok,ique5Shoo,89 66 46
Mr.,Radi,A,Pak,Ånhult 55,TREKANTEN,,388 68,SE,Sweden,RadiPak@armyspy.com,Nough1939,ied2Uang4ow9,0480-6551320
Mr.,Jan,I,Němec,238 Agnostou Stratioti Square,Faleia,Paphos,8654,CY,Cyprus (Anglicized),JanNemec@dayrep.com,Cinissente40,Veibahtef5,96 792882
Ms.,Lara,A,Martins,R Combatentes G Guerra 50,Tavarede,Coimbra,3080-612,PT,Portugal,LaraAzevedoMartins@dayrep.com,Gooked,er9EiRish2sh,21 239 988 3252
Mr.,Chơn,﻿,Phạm,Avda. de la Estación 81,Cadalso de los Vidrios,Madrid,28640,ES,Spain,PhamVanChon@dayrep.com,Rict1951,phe0Leing,911 345 770
Mr.,榮輝,宜,邵,Ahlströminkatu 41,JOENSUU,North Karelia,80170,FI,Finland,ShaoRongHui@rhyta.com,Dang1991,ongei2oTh3,041 555 7529
Ms.,Wafiya,T,Deeb,Place Léopold 49,Herne,VBR,1540,BE,Belgium,WafiyaTalibahDeeb@superrito.com,Trame1981,aeLeiwap3Ei,0471 51 26 68
Ms.,Esra,M,Danielsson,Κασνέτη 139,ΟΡΓΑ (ΟΡΚΑ),Kyrenia,9636,CY,Cyprus (Anglicized),EsraDanielsson@armyspy.com,Hory1932,aj5eoghaeM,27 545891
Mr.,Sebastian,J,May,Rozenlaan 72,Heerhugowaard,NH,1702 TE,NL,Netherlands,SebastianMay@rhyta.com,Mainuld,Doote0EiW9ah,06-61250325
Mrs.,Zarema,U,Rushisvili,Belgrád rkp. 48.,Kôszegdoroszló,Vas,9725,HU,Hungary,ZaremaRushisvili@armyspy.com,Doorguichat,ahro9Exeiz,(94) 141-624
Mrs.,Jaden,P,Anaya,Erzsébet tér 23.,Tarnalelesz,Heves,3258,HU,Hungary,JadenAnayaJaramillo@dayrep.com,Saidine,phooquohC7ie,(36) 546-813
Mrs.,Xiu Juan,S,Liu,Via Luzzas 149,Filisur,,7477,CH,Switzerland,XiuJuanLiu@superrito.com,Somme1943,vahv2Oo1,081 272 21 19
Mrs.,Amy,A,MacDevitt,1598 Higginsville Road,Shubenacadie,NS,B0N 2H0,CA,Canada,AmyMacDevitt@gustr.com,Cortuld,wog8uMoo,902-236-6491
Mr.,雅文,令,龔,101 Rue Hedi Labidi,El Hmaima,Governorate Sidi Bouzid,9171,TN,Tunisia,GongYaWen@einrot.com,Liamel,ma8yaj0Xae,76 250 199
Ms.,Ying,C,Hsieh,Jaanioja 3,Järni,Lääne-Virumaa,44407,EE,Estonia,YingHsieh@cuvox.de,Drabland1994,Wahs5eewu6Oo,328 6913
Ms.,Pamphila,H,Button,36 Rue de Sokrine,El Behira,Governorate Medenine,4151,TN,Tunisia,PamphilaButton@superrito.com,Gatited,maNa1mae,75 605 384
Mr.,ทรัพทวี,ส,บัวพุทธา,Skärpinge 59,ÖSTRA ÄMTERVIK,,686 04,SE,Sweden,,Herestow,Ihae7aeCh2,0565-3553047
Mr.,Nasih,H,Aziz,Gabbroveien 143,KOLSÅS,,1352,NO,Norway,NasihAziz@superrito.com,Eall1930,AeJ9thoa,915 43 487
Ms.,Mia,A,Galić,Mogata Sjöhagen 37,TÄBY,,183 43,SE,Sweden,MiaGalic@dayrep.com,Ment1943,eu1kidoh7X,073-3845548
Mr.,Per,E,Lyberth,79 avenue Voltaire,MALAKOFF,Île-de-France,92240,FR,France,PerLyberth@armyspy.com,Carme1971,gohbeeb6Eim,01.15.16.58.09
Ms.,Ginny,D,van der Houwen,58 Razorback Track,Waynes,Waitaki,9410,NZ,New Zealand,GinnyvanderHouwen@teleworm.us,Indolmoseent,airu0ohh1K,(021) 5164-956
Mr.,正博,朋,新子,1528 Glyn St,Soshanguve,Gauteng,0164,ZA,South Africa,Agall1939@einrot.com,Agall1939,eesh7Teth,084 747 2841
Mr.,Afwerki,W,Filmon,Harlingertrekweg 186,Leeuwarden,FR,8914 AV,NL,Netherlands,AfwerkiFilmon@dayrep.com,Inving,IePhai5mah7,06-64059273
Mr.,Arichikunorikuto,,,66 Stillwater Avenue,ROCKWELL,WA,6532,AU,Australia,Arichikunorikuto@dayrep.com,Bleady,ied8Ojah,(08) 9068 6256
Ms.,Clara,G,Oliveira,Quadra QNP 14 Conjunto K 1601,Ceilândia,DF,72231-411,BR,Brazil,ClaraGoncalvesOliveira@fleckens.hu,Begaid,uom4shoaVa,(61) 8375-7119
Ms.,Karys,K,Allan,Rasenstrasse 120,Hilfikon,,5613,CH,Switzerland,KarysAllan@superrito.com,Youb1992,eiyeeF6ah,062 530 23 75
Mrs.,佳慧,瑋,龍,R Doutor Serrão Martins 40,Amareleja,Beja,7885-037,PT,Portugal,MangJiaHui@teleworm.us,Dasked,veeJ3roh2f,21 284 148 0221
Mrs.,Tiana,A,Hughes,1477 Better Street,Olathe,KS,66061,US,United States,TianaHughes@fleckens.hu,Hationars,Aiz7ohbah0,913-324-3456
Mrs.,Zora,B,Marušić,47 boulevard de la Liberation,MARSEILLE,Provence-Alpes-Côte d'Azur,13013,FR,France,ZoraMarusic@dayrep.com,Whislove,ad3Cei0pie,04.78.98.44.42
Mr.,Hitoshi,R,Saito,3718 Lewis Street,Chicago,IL,60606,US,United States,HitoshiSaito@rhyta.com,Suromile1963,choch7OhGh,630-923-6660
Mr.,Thorsten,K,Durr,P.O. Box 225,Station Nord,Qaasuitsup,3972,GL,Greenland,ThorstenDurr@teleworm.us,Panytherry79,Coh3uameyei,33 89 58
Mr.,Josef,K,Hubálek,102 Avenue El Ghofrane,Oum El Abouab,Governorate Zaghouan,1140,TN,Tunisia,JosefHubalek@gustr.com,Cluend91,ieyuequeL0soh,72 640 152
Mrs.,Gjesenia,B,Bergseth,Alpenstrasse 50,STEINBRUCH,Lower Austria,4120,AT,Austria,GjeseniaBergseth@jourrapide.com,Consing,VoPh3Aegi,0664 673 49 84
Mrs.,Shouko,M,Ishikuno,Templstrasse 62,MIEDLINGSDORF,Burgenland,7503,AT,Austria,ShoukoIshikuno@cuvox.de,Rectudid,MogeivuW4,0664 757 26 72
Dr.,Kaluk,L,Noj,Luddingsbo Mekanikusv 16,SKÄRHOLMEN,,127 64,SE,Sweden,KalukNoj@superrito.com,Himpand,ohnuPog5tae,08-5005913
Ms.,Jordanka,N,Škornik,Mládežnická 495,Kynšperk nad Ohrí,Karlovarský kraj,357 51,CZ,Czech Republic,JordankaSkornik@armyspy.com,Excleduess,ighoox2Eid,357 341 076
Mr.,กิตติพันธ์,ร,ลามนเทียร,πλατεία Καραισκάκη 234,ΚΑΤΩ ΠΟΛΕΜΙ∆ΙΑ,Limassol,4158,CY,Cyprus (Anglicized),,Eite1976,Chae6aimei0,25 262812
Mr.,翔太,愛,平田,Rua do Muricizeiro 1210,Boa Vista,RR,69307-470,BR,Brazil,Bletismue1994@armyspy.com,Bletismue1994,Oophe8eech,(95) 2164-6687
Ms.,Ladislava,F,Růžičková,Álfabyggð 72,Þingeyri,,471,IS,Iceland,LadislavaRuzickova@dayrep.com,Pospits64,Equaax6EH,434 9287
Mr.,Filip,L,Pech,Χαλκοκονδύλη 170,ΧΡΥΣΟΧΟΥ,Paphos,8855,CY,Cyprus (Anglicized),FilipPech@armyspy.com,Stoon1951,xahsh4Iehoh,95 882305
Dr.,Linda,L,Marino,Via Matteo Schilizzi 45,Genova,GE,16155,IT,Italy,LindaMarino@rhyta.com,Aser1968,ohpeis2O,0371 3469115
Mr.,Klemens,S,Dąbrowski ,Aqqusinersuaq 269,Sisimiut,Qeqqata,3911,GL,Greenland,KlemensDabrowski@superrito.com,Youreame,deic0iY5go,85 68 72
Ms.,Jia Li,G,Shih,Bem rkp. 96.,Halmaj,Borsod-Abaúj-Zemplén,3842,HU,Hungary,JiaLiShih@jourrapide.com,Thled1970,ohchahCoo6,(46) 418-090
Ms.,Viola,E,Rosales,Grossmatt 120,Bex,,1880,CH,Switzerland,ViolaRosalesLovato@gustr.com,Vadvapegul,Ooquecohw4d,024 556 30 67
Mr.,Michael,A,Egede,Jiráskova 1813,Žumberk,Pardubický kraj,538 36,CZ,Czech Republic,MichaelEgede@gustr.com,Washeigandis,Ohx3biedo,466 508 015
Mrs.,Iwona,M,Dąbrowski ,Parmova 52,Malečnik,,2229,SI,Slovenia,IwonaDabrowski@gustr.com,Tures1964,shoCooSh7ra,070-616-361
Mrs.,Luana,P,Silva,Via Lombardi 9,Andorno Micca,BI,13811,IT,Italy,LuanaPereiraSilva@armyspy.com,Prooroo,Pegh2ooZo6,0375 9493484
Mr.,Tadami,K,Shikikawa,29 Farnell Street,STUBBO,NSW,2852,AU,Australia,TadamiShikikawa@einrot.com,Dowerturs,kich1ohC7,(02) 4010 2440
Mr.,Bao,Z,Tang,Sokolská 288,Práslavice,Moravskoslezský kraj,783 54,CZ,Czech Republic,BaoTang@einrot.com,Wittionfer,Sheec1vei4i,735 923 918
Ms.,Caitlin,M,McDonald,Barrgatan 76,ABBORRTRÄSK,,930 82,SE,Sweden,CaitlinMcDonald@cuvox.de,Coniefor,Ooh1peix3C,0960-9629122
Ms.,Myrtle,E,Mugwort,Avenida Júlio Saúl Dias 55,Devesa,Porto,4575-021,PT,Portugal,MyrtleMugwort@fleckens.hu,Majess,Ohrai9Ka3,21 220 828 8162
Mr.,Audulv,M,Martinussen,4861 Bungalow Road,Murdock,NE,68407,US,United States,AudulvMartinussen@dayrep.com,Nowelir,phu3Feph5oo,402-867-5193
Ms.,Ulla,B,Piekkanen,Marseiller Strasse 4,Wildsteig,BY,82409,DE,Germany,UllaPiekkanen@jourrapide.com,Colad1931,AhJee9lootoi,08862 27 65 89
Mr.,Niklas,L,Theiss,Stadtplatz 31,RAMETZBERG,Lower Austria,3233,AT,Austria,NiklasTheiss@cuvox.de,Alime1984,Zo6zaTeecae8,0650 383 55 42
Mrs.,Georgia,J,Smith,24 London Road,COLN ST DENNIS,,GL54 9PB,GB,United Kingdom,GeorgiaJSmith@dayrep.com,Promple1929,DaeP3ahCex,077 7497 2430
Mr.,Héðinn,K,Gunnarsson,Via Lagrange 52,Magugnano,VT,01026,IT,Italy,HeinnGunnarsson@einrot.com,Conet1961,eegahCeing7,0319 4851965
Ms.,Marigold,A,Bolger,Cartagena 82,Ricote,Murcia,30610,ES,Spain,MarigoldBolger@teleworm.us,Thrusled,phaXahh5ee,968 151 836
Mrs.,Tuuli,K,Lajunen,179 Pentelis Str.,Neta,Famagusta,5832,CY,Cyprus (Anglicized),TuuliLajunen@fleckens.hu,Afterice30,lieshohDe6,23 537495
Ms.,Shakirah,J,Isa,Estrada Nacional 66,Salir do Porto,Leiria,2500-661,PT,Portugal,ShakirahJawnaIsa@jourrapide.com,Morold,thahleif8OZ,21 244 766 4438
Ms.,آسانا,س,خدابنده لو,Ümarmäe 28,Helme,Valgamaa,68608,EE,Estonia,AsanaKhedabendhlew@einrot.com,Skiatio,uGaey6thoo,762 4336
Mr.,Наум,О,Аре́фьев,Brunnenstrasse 36,Rossens,,1728,CH,Switzerland,Gurgend@gustr.com,Gurgend,waiR5zeir,026 768 91 59
Mrs.,Amalie,N,Pedersen,Lidbovägen 17,LILLPITE,,940 17,SE,Sweden,AmaliePedersen@cuvox.de,Tatied,xee4pie0Zah,0911-5803654
Ms.,Зара,Д,Базарова,4149 Olive Street,Toledo,OH,43602,US,United States,Thalow@armyspy.com,Thalow,Toozuo3ORieh,419-310-7146
Ms.,Deborah,A,Nyström,108 Avon Road,Clifton,Invercargill,9812,NZ,New Zealand,DeborahNystrom@cuvox.de,Shopmed1980,weengee8C,(021) 4398-642
Mrs.,Chín,L,Lưu,Zuivelweg 108,Hengelo,GE,7255 XA,NL,Netherlands,LuuLeChin@dayrep.com,Hatem1931,Eibeeyae8,06-23778893
Ms.,Susanna,D,Magnusson,Ringlaan 54,Edegem,VAN,2650,BE,Belgium,SusannaMagnusson@cuvox.de,Ciary1985,uWahthoh5u,0496 67 26 66
Ms.,Faridah,I,Kassab,Purificacion 24,Barra de Carrasco,Canelones,15000,UY,Uruguay,FaridahIbaKassab@rhyta.com,Himpok,aM7ohgeekee,9762 2726
Ms.,Olga,G,Colombo,Mattenstrasse 68,Signóra,,6951,CH,Switzerland,OlgaColombo@superrito.com,Witheme,deeba9ecahX,091 852 14 83
Ms.,Antje,M,Bosch,Rua Washington José da Costa 537,Três Lagoas,MS,79621-080,BR,Brazil,AntjeBosch@gustr.com,Cands1935,iecuT9faeQu,(67) 5235-8244
Mr.,Miguel,A,Cavalcanti,Askelund 64,Blåvand,Region Syddanmark,6857,DK,Denmark,MiguelAlmeidaCavalcanti@dayrep.com,Yousely,gai7quee6Ah,25-41-85-83
Dr.,Кора,Е,Кудряшо́ва,Rua Sousa Lopes 19,Lisboa,Lisboa,1300-218,PT,Portugal,Septan@jourrapide.com,Septan,me8ogh5Pei,21 218 840 9114
Ms.,Caitlyn,L,MacAdie,Bartákova 101,Plumlov,Olomoucký kraj,798 03,CZ,Czech Republic,CaitlynMacAdie@jourrapide.com,Onch1935,soo5Dach,586 036 873
Mr.,Brian,J,Redwine,Nordre Ringvej 90,København V,Region Sjælland,1737,DK,Denmark,BrianJRedwine@fleckens.hu,Cionfibed62,dooH7uiPh,22-53-12-69
Mr.,Fadi,,Hanania,714 St. John Street,Malmesbury,Western Cape,7300,ZA,South Africa,FadiIdHanania@cuvox.de,Takintious,sho6Te2V,082 585 5398
Mr.,Raimo,S,Mantila,92 Avenue El Faouz,Cite Mongi Slim,Governorate Ariana,2020,TN,Tunisia,RaimoMantila@fleckens.hu,Mortince,oSoga6aek,71 686 662
Mrs.,Hanna,M,Tomaszewska,2683 Cordova Street,Vancouver,BC,V6B 1E1,CA,Canada,HannaTomaszewska@dayrep.com,Iner1988,dauRaav6fae,604-961-7301
Mrs.,Cheqag,B,Sultygov,Rosenweg 142,Lancy,,1212,CH,Switzerland,CheqagSultygov@einrot.com,Broomon41,ag9saiShei,022 551 25 96
Dr.,دانیال,س,شاه سیاه,76 Rue de Marrakech,Cite De La Liberte,Governorate Monastir,5031,TN,Tunisia,DanaalShahsaah@cuvox.de,Altobjews,Aphoom1zae,73 874 358
Mr.,Henrik,M,Hansen,2761 Old Spallumcheen Rd,Hedley,BC,V0X 1K0,CA,Canada,HenrikHansen@jourrapide.com,Havemprought1995,Foh8jaesh7o,250-292-0941
Mrs.,Annegrete,C,Botnen,Kongshøjvej 10,København K,Region Sjælland,1213,DK,Denmark,AnnegreteBotnen@superrito.com,Prighted,baeC4uiquei,21-30-34-61
Ms.,Evelina,A,Ek,Λ. Συγγρού 257,ΑΥΓΟΛΙ∆Α,Famagusta,5725,CY,Cyprus (Anglicized),EvelinaEk@rhyta.com,Crooking69,okuoy7aiHee,99 508292
Mr.,Сергей,Г,Ермолаев,Oostjachtpark 350,Chairière,WNA,5550,BE,Belgium,Haray1987@rhyta.com,Haray1987,EiVoh3oowi3,0488 14 57 61
Mrs.,Khadijah,A,Hajjar,P.O. Box 78,Ittoqqortoormiit,Sermersooq,3980,GL,Greenland,KhadijahAyishahHajjar@rhyta.com,Prach1936,Mighook2c,33 32 92
Mrs.,Jemma,B,Henderson,Palackého 687,Kostelec u Holešova,Zlínský kraj,768 43,CZ,Czech Republic,JemmaHenderson@jourrapide.com,Forkeded,aeD3geequiec,720 470 650
Ms.,Oldřiška,M,Karásková,67 cours Franklin Roosevelt,MARSEILLE,Provence-Alpes-Côte d'Azur,13007,FR,France,OldriskaKaraskova@rhyta.com,Slogummid,taG6ougah5n,04.72.98.54.77
Mr.,Kidane,N,Nebay,Spinatsch 2,Mosogno,,6611,CH,Switzerland,KidaneNebay@jourrapide.com,Rustook,Piej0in3s,091 731 34 96
Ms.,Thùy,T,Trương,Via Varrone 99,Teano,CE,81057,IT,Italy,TruongThiLinhThuy@fleckens.hu,Saisards,quieDeich2,0321 2044182
Ms.,Yan,M,Tsui,Naustavegur 55,Vestmannaeyjar,,900,IS,Iceland,YanTsui@fleckens.hu,Factere,Aiw4evai,425 3245
Ms.,Nilborg,A,Vindenes,Schulgasse 11,ZIEGELSDORF,Carinthia,9061,AT,Austria,NilborgVindenes@dayrep.com,Welifer,iiWaitim9Th,0664 644 07 52
Mrs.,Vitória,S,Gomes,Kalevipoja 17,Haapsalu,Läänemaa,90501,EE,Estonia,VitoriaSantosGomes@jourrapide.com,Earon1966,nee7Vinoh,476 1101
Mr.,Joonas,A,Saisio,67 rue des Nations Unies,SAINT-CHAMOND,Rhône-Alpes,42400,FR,France,JoonasSaisio@teleworm.us,Glachind1985,Uowo2Ze5a,04.24.12.25.14
Ms.,Miyako,M,Sugahara,Prenzlauer Allee 4,Leipzig,SN,04182,DE,Germany,MiyakoSugahara@teleworm.us,Deat1983,hee7ouyuMoo,0341 62 69 02
Mr.,Philipp,B,Diederich,Vallerstrasse 32,Pianezzo,,6582,CH,Switzerland,PhilippDiederich@teleworm.us,Hisfat,Na0eechefoo,091 780 16 96
Mr.,Antônio,L,Sousa,Estrela 72,Castro-Urdiales,Cantabria,39700,ES,Spain,AntonioLimaSousa@fleckens.hu,Ligh1931,la3AedeC,942 804 365